10001,password1
10002,password2
10003,password3
10004,password4
10005,password5
10006,password6
10007,password7
10008,password8
10009,password9
10010,password10
10011,password11
10012,password12
10013,password13
10014,password14
10015,password15
10016,password16
10017,password17
10018,password18
10019,password19
10020,password20
10021,password21
10022,password22
10023,password23
10024,password24
10025,password25
10026,password26
10027,password27
10028,password28
10029,password29
10030,password30
10031,password31
10032,password32
10033,password33
10034,password34
10035,password35
10036,password36
10037,password37
10038,password38
10039,password39
10040,password40
10041,password41
10042,password42
10043,password43
10044,password44
10045,password45
10046,password46
10047,password47
10048,password48
10049,password49
10050,password50
10051,password51
10052,password52
10053,password53
10054,password54
10055,password55
10056,password56
10057,password57
10058,password58
10059,password59
10060,password60
10061,password61
10062,password62
10063,password63
10064,password64
10065,password65
10066,password66
10067,password67
10068,password68
10069,password69
10070,password70
10071,password71
10072,password72
10073,password73
10074,password74
10075,password75
10076,password76
10077,password77
10078,password78
10079,password79
10080,password80
10081,password81
10082,password82
10083,password83
10084,password84
10085,password85
10086,password86
10087,password87
10088,password88
10089,password89
10090,password90
10091,password91
10092,password92
10093,password93
10094,password94
10095,password95
10096,password96
10097,password97
10098,password98
10099,password99
10100,password100
10101,password101
10102,password102
10103,password103
10104,password104
10105,password105
10106,password106
10107,password107
10108,password108
10109,password109
10110,password110
10111,password111
10112,password112
10113,password113
10114,password114
10115,password115
10116,password116
10117,password117
10118,password118
10119,password119
10120,password120
10121,password121
10122,password122
10123,password123
10124,password124
10125,password125
10126,password126
10127,password127
10128,password128
10129,password129
10130,password130
10131,password131
10132,password132
10133,password133
10134,password134
10135,password135
10136,password136
10137,password137
10138,password138
10139,password139
10140,password140
10141,password141
10142,password142
10143,password143
10144,password144
10145,password145
10146,password146
10147,password147
10148,password148
10149,password149
10150,password150
10151,password151
10152,password152
10153,password153
10154,password154
10155,password155
10156,password156
10157,password157
10158,password158
10159,password159
10160,password160
10161,password161
10162,password162
10163,password163
10164,password164
10165,password165
10166,password166
10167,password167
10168,password168
10169,password169
10170,password170
10171,password171
10172,password172
10173,password173
10174,password174
10175,password175
10176,password176
10177,password177
10178,password178
10179,password179
10180,password180
10181,password181
10182,password182
10183,password183
10184,password184
10185,password185
10186,password186
10187,password187
10188,password188
10189,password189
10190,password190
10191,password191
10192,password192
10193,password193
10194,password194
10195,password195
10196,password196
10197,password197
10198,password198
10199,password199
10200,password200
10201,password201
10202,password202
10203,password203
10204,password204
10205,password205
10206,password206
10207,password207
10208,password208
10209,password209
10210,password210
10211,password211
10212,password212
10213,password213
10214,password214
10215,password215
10216,password216
10217,password217
10218,password218
10219,password219
10220,password220
10221,password221
10222,password222
10223,password223
10224,password224
10225,password225
10226,password226
10227,password227
10228,password228
10229,password229
10230,password230
10231,password231
10232,password232
10233,password233
10234,password234
10235,password235
10236,password236
10237,password237
10238,password238
10239,password239
10240,password240
10241,password241
10242,password242
10243,password243
10244,password244
10245,password245
10246,password246
10247,password247
10248,password248
10249,password249
10250,password250
10251,password251
10252,password252
10253,password253
10254,password254
10255,password255
10256,password256
10257,password257
10258,password258
10259,password259
10260,password260
10261,password261
10262,password262
10263,password263
10264,password264
10265,password265
10266,password266
10267,password267
10268,password268
10269,password269
10270,password270
10271,password271
10272,password272
10273,password273
10274,password274
10275,password275
10276,password276
10277,password277
10278,password278
10279,password279
10280,password280
10281,password281
10282,password282
10283,password283
10284,password284
10285,password285
10286,password286
10287,password287
10288,password288
10289,password289
10290,password290
10291,password291
10292,password292
10293,password293
10294,password294
10295,password295
10296,password296
10297,password297
10298,password298
10299,password299
10300,password300
10301,password301
10302,password302
10303,password303
10304,password304
10305,password305
10306,password306
10307,password307
10308,password308
10309,password309
10310,password310
10311,password311
10312,password312
10313,password313
10314,password314
10315,password315
10316,password316
10317,password317
10318,password318
10319,password319
10320,password320
10321,password321
10322,password322
10323,password323
10324,password324
10325,password325
10326,password326
10327,password327
10328,password328
10329,password329
10330,password330
10331,password331
10332,password332
10333,password333
10334,password334
10335,password335
10336,password336
10337,password337
10338,password338
10339,password339
10340,password340
10341,password341
10342,password342
10343,password343
10344,password344
10345,password345
10346,password346
10347,password347
10348,password348
10349,password349
10350,password350
10351,password351
10352,password352
10353,password353
10354,password354
10355,password355
10356,password356
10357,password357
10358,password358
10359,password359
10360,password360
10361,password361
10362,password362
10363,password363
10364,password364
10365,password365
10366,password366
10367,password367
10368,password368
10369,password369
10370,password370
10371,password371
10372,password372
10373,password373
10374,password374
10375,password375
10376,password376
10377,password377
10378,password378
10379,password379
10380,password380
10381,password381
10382,password382
10383,password383
10384,password384
10385,password385
10386,password386
10387,password387
10388,password388
10389,password389
10390,password390
10391,password391
10392,password392
10393,password393
10394,password394
10395,password395
10396,password396
10397,password397
10398,password398
10399,password399
10400,password400
10401,password401
10402,password402
10403,password403
10404,password404
10405,password405
10406,password406
10407,password407
10408,password408
10409,password409
10410,password410
10411,password411
10412,password412
10413,password413
10414,password414
10415,password415
10416,password416
10417,password417
10418,password418
10419,password419
10420,password420
10421,password421
10422,password422
10423,password423
10424,password424
10425,password425
10426,password426
10427,password427
10428,password428
10429,password429
10430,password430
10431,password431
10432,password432
10433,password433
10434,password434
10435,password435
10436,password436
10437,password437
10438,password438
10439,password439
10440,password440
10441,password441
10442,password442
10443,password443
10444,password444
10445,password445
10446,password446
10447,password447
10448,password448
10449,password449
10450,password450
10451,password451
10452,password452
10453,password453
10454,password454
10455,password455
10456,password456
10457,password457
10458,password458
10459,password459
10460,password460
10461,password461
10462,password462
10463,password463
10464,password464
10465,password465
10466,password466
10467,password467
10468,password468
10469,password469
10470,password470
10471,password471
10472,password472
10473,password473
10474,password474
10475,password475
10476,password476
10477,password477
10478,password478
10479,password479
10480,password480
10481,password481
10482,password482
10483,password483
10484,password484
10485,password485
10486,password486
10487,password487
10488,password488
10489,password489
10490,password490
10491,password491
10492,password492
10493,password493
10494,password494
10495,password495
10496,password496
10497,password497
10498,password498
10499,password499
10500,password500
10501,password501
10502,password502
10503,password503
10504,password504
10505,password505
10506,password506
10507,password507
10508,password508
10509,password509
10510,password510
10511,password511
10512,password512
10513,password513
10514,password514
10515,password515
10516,password516
10517,password517
10518,password518
10519,password519
10520,password520
10521,password521
10522,password522
10523,password523
10524,password524
10525,password525
10526,password526
10527,password527
10528,password528
10529,password529
10530,password530
10531,password531
10532,password532
10533,password533
10534,password534
10535,password535
10536,password536
10537,password537
10538,password538
10539,password539
10540,password540
10541,password541
10542,password542
10543,password543
10544,password544
10545,password545
10546,password546
10547,password547
10548,password548
10549,password549
10550,password550
10551,password551
10552,password552
10553,password553
10554,password554
10555,password555
10556,password556
10557,password557
10558,password558
10559,password559
10560,password560
10561,password561
10562,password562
10563,password563
10564,password564
10565,password565
10566,password566
10567,password567
10568,password568
10569,password569
10570,password570
10571,password571
10572,password572
10573,password573
10574,password574
10575,password575
10576,password576
10577,password577
10578,password578
10579,password579
10580,password580
10581,password581
10582,password582
10583,password583
10584,password584
10585,password585
10586,password586
10587,password587
10588,password588
10589,password589
10590,password590
10591,password591
10592,password592
10593,password593
10594,password594
10595,password595
10596,password596
10597,password597
10598,password598
10599,password599
10600,password600
10601,password601
10602,password602
10603,password603
10604,password604
10605,password605
10606,password606
10607,password607
10608,password608
10609,password609
10610,password610
10611,password611
10612,password612
10613,password613
10614,password614
10615,password615
10616,password616
10617,password617
10618,password618
10619,password619
10620,password620
10621,password621
10622,password622
10623,password623
10624,password624
10625,password625
10626,password626
10627,password627
10628,password628
10629,password629
10630,password630
10631,password631
10632,password632
10633,password633
10634,password634
10635,password635
10636,password636
10637,password637
10638,password638
10639,password639
10640,password640
10641,password641
10642,password642
10643,password643
10644,password644
10645,password645
10646,password646
10647,password647
10648,password648
10649,password649
10650,password650
10651,password651
10652,password652
10653,password653
10654,password654
10655,password655
10656,password656
10657,password657
10658,password658
10659,password659
10660,password660
10661,password661
10662,password662
10663,password663
10664,password664
10665,password665
10666,password666
10667,password667
10668,password668
10669,password669
10670,password670
10671,password671
10672,password672
10673,password673
10674,password674
10675,password675
10676,password676
10677,password677
10678,password678
10679,password679
10680,password680
10681,password681
10682,password682
10683,password683
10684,password684
10685,password685
10686,password686
10687,password687
10688,password688
10689,password689
10690,password690
10691,password691
10692,password692
10693,password693
10694,password694
10695,password695
10696,password696
10697,password697
10698,password698
10699,password699
10700,password700
10701,password701
10702,password702
10703,password703
10704,password704
10705,password705
10706,password706
10707,password707
10708,password708
10709,password709
10710,password710
10711,password711
10712,password712
10713,password713
10714,password714
10715,password715
10716,password716
10717,password717
10718,password718
10719,password719
10720,password720
10721,password721
10722,password722
10723,password723
10724,password724
10725,password725
10726,password726
10727,password727
10728,password728
10729,password729
10730,password730
10731,password731
10732,password732
10733,password733
10734,password734
10735,password735
10736,password736
10737,password737
10738,password738
10739,password739
10740,password740
10741,password741
10742,password742
10743,password743
10744,password744
10745,password745
10746,password746
10747,password747
10748,password748
10749,password749
10750,password750
10751,password751
10752,password752
10753,password753
10754,password754
10755,password755
10756,password756
10757,password757
10758,password758
10759,password759
10760,password760
10761,password761
10762,password762
10763,password763
10764,password764
10765,password765
10766,password766
10767,password767
10768,password768
10769,password769
10770,password770
10771,password771
10772,password772
10773,password773
10774,password774
10775,password775
10776,password776
10777,password777
10778,password778
10779,password779
10780,password780
10781,password781
10782,password782
10783,password783
10784,password784
10785,password785
10786,password786
10787,password787
10788,password788
10789,password789
10790,password790
10791,password791
10792,password792
10793,password793
10794,password794
10795,password795
10796,password796
10797,password797
10798,password798
10799,password799
10800,password800
10801,password801
10802,password802
10803,password803
10804,password804
10805,password805
10806,password806
10807,password807
10808,password808
10809,password809
10810,password810
10811,password811
10812,password812
10813,password813
10814,password814
10815,password815
10816,password816
10817,password817
10818,password818
10819,password819
10820,password820
10821,password821
10822,password822
10823,password823
10824,password824
10825,password825
10826,password826
10827,password827
10828,password828
10829,password829
10830,password830
10831,password831
10832,password832
10833,password833
10834,password834
10835,password835
10836,password836
10837,password837
10838,password838
10839,password839
10840,password840
10841,password841
10842,password842
10843,password843
10844,password844
10845,password845
10846,password846
10847,password847
10848,password848
10849,password849
10850,password850
10851,password851
10852,password852
10853,password853
10854,password854
10855,password855
10856,password856
10857,password857
10858,password858
10859,password859
10860,password860
10861,password861
10862,password862
10863,password863
10864,password864
10865,password865
10866,password866
10867,password867
10868,password868
10869,password869
10870,password870
10871,password871
10872,password872
10873,password873
10874,password874
10875,password875
10876,password876
10877,password877
10878,password878
10879,password879
10880,password880
10881,password881
10882,password882
10883,password883
10884,password884
10885,password885
10886,password886
10887,password887
10888,password888
10889,password889
10890,password890
10891,password891
10892,password892
10893,password893
10894,password894
10895,password895
10896,password896
10897,password897
10898,password898
10899,password899
10900,password900
10901,password901
10902,password902
10903,password903
10904,password904
10905,password905
10906,password906
10907,password907
10908,password908
10909,password909
10910,password910
10911,password911
10912,password912
10913,password913
10914,password914
10915,password915
10916,password916
10917,password917
10918,password918
10919,password919
10920,password920
10921,password921
10922,password922
10923,password923
10924,password924
10925,password925
10926,password926
10927,password927
10928,password928
10929,password929
10930,password930
10931,password931
10932,password932
10933,password933
10934,password934
10935,password935
10936,password936
10937,password937
10938,password938
10939,password939
10940,password940
10941,password941
10942,password942
10943,password943
10944,password944
10945,password945
10946,password946
10947,password947
10948,password948
10949,password949
10950,password950
10951,password951
10952,password952
10953,password953
10954,password954
10955,password955
10956,password956
10957,password957
10958,password958
10959,password959
10960,password960
10961,password961
10962,password962
10963,password963
10964,password964
10965,password965
10966,password966
10967,password967
10968,password968
10969,password969
10970,password970
10971,password971
10972,password972
10973,password973
10974,password974
10975,password975
10976,password976
10977,password977
10978,password978
10979,password979
10980,password980
10981,password981
10982,password982
10983,password983
10984,password984
10985,password985
10986,password986
10987,password987
10988,password988
10989,password989
10990,password990
10991,password991
10992,password992
10993,password993
10994,password994
10995,password995
10996,password996
10997,password997
10998,password998
10999,password999
11000,password1000
11001,password1001
11002,password1002
11003,password1003
11004,password1004
11005,password1005
11006,password1006
11007,password1007
11008,password1008
11009,password1009
11010,password1010
11011,password1011
11012,password1012
11013,password1013
11014,password1014
11015,password1015
11016,password1016
11017,password1017
11018,password1018
11019,password1019
11020,password1020
11021,password1021
11022,password1022
11023,password1023
11024,password1024
11025,password1025
11026,password1026
11027,password1027
11028,password1028
11029,password1029
11030,password1030
11031,password1031
11032,password1032
11033,password1033
11034,password1034
11035,password1035
11036,password1036
11037,password1037
11038,password1038
11039,password1039
11040,password1040
11041,password1041
11042,password1042
11043,password1043
11044,password1044
11045,password1045
11046,password1046
11047,password1047
11048,password1048
11049,password1049
11050,password1050
11051,password1051
11052,password1052
11053,password1053
11054,password1054
11055,password1055
11056,password1056
11057,password1057
11058,password1058
11059,password1059
11060,password1060
11061,password1061
11062,password1062
11063,password1063
11064,password1064
11065,password1065
11066,password1066
11067,password1067
11068,password1068
11069,password1069
11070,password1070
11071,password1071
11072,password1072
11073,password1073
11074,password1074
11075,password1075
11076,password1076
11077,password1077
11078,password1078
11079,password1079
11080,password1080
11081,password1081
11082,password1082
11083,password1083
11084,password1084
11085,password1085
11086,password1086
11087,password1087
11088,password1088
11089,password1089
11090,password1090
11091,password1091
11092,password1092
11093,password1093
11094,password1094
11095,password1095
11096,password1096
11097,password1097
11098,password1098
11099,password1099
11100,password1100
11101,password1101
11102,password1102
11103,password1103
11104,password1104
11105,password1105
11106,password1106
11107,password1107
11108,password1108
11109,password1109
11110,password1110
11111,password1111
11112,password1112
11113,password1113
11114,password1114
11115,password1115
11116,password1116
11117,password1117
11118,password1118
11119,password1119
11120,password1120
11121,password1121
11122,password1122
11123,password1123
11124,password1124
11125,password1125
11126,password1126
11127,password1127
11128,password1128
11129,password1129
11130,password1130
11131,password1131
11132,password1132
11133,password1133
11134,password1134
11135,password1135
11136,password1136
11137,password1137
11138,password1138
11139,password1139
11140,password1140
11141,password1141
11142,password1142
11143,password1143
11144,password1144
11145,password1145
11146,password1146
11147,password1147
11148,password1148
11149,password1149
11150,password1150
11151,password1151
11152,password1152
11153,password1153
11154,password1154
11155,password1155
11156,password1156
11157,password1157
11158,password1158
11159,password1159
11160,password1160
11161,password1161
11162,password1162
11163,password1163
11164,password1164
11165,password1165
11166,password1166
11167,password1167
11168,password1168
11169,password1169
11170,password1170
11171,password1171
11172,password1172
11173,password1173
11174,password1174
11175,password1175
11176,password1176
11177,password1177
11178,password1178
11179,password1179
11180,password1180
11181,password1181
11182,password1182
11183,password1183
11184,password1184
11185,password1185
11186,password1186
11187,password1187
11188,password1188
11189,password1189
11190,password1190
11191,password1191
11192,password1192
11193,password1193
11194,password1194
11195,password1195
11196,password1196
11197,password1197
11198,password1198
11199,password1199
11200,password1200
11201,password1201
11202,password1202
11203,password1203
11204,password1204
11205,password1205
11206,password1206
11207,password1207
11208,password1208
11209,password1209
11210,password1210
11211,password1211
11212,password1212
11213,password1213
11214,password1214
11215,password1215
11216,password1216
11217,password1217
11218,password1218
11219,password1219
11220,password1220
11221,password1221
11222,password1222
11223,password1223
11224,password1224
11225,password1225
11226,password1226
11227,password1227
11228,password1228
11229,password1229
11230,password1230
11231,password1231
11232,password1232
11233,password1233
11234,password1234
11235,password1235
11236,password1236
11237,password1237
11238,password1238
11239,password1239
11240,password1240
11241,password1241
11242,password1242
11243,password1243
11244,password1244
11245,password1245
11246,password1246
11247,password1247
11248,password1248
11249,password1249
11250,password1250
11251,password1251
11252,password1252
11253,password1253
11254,password1254
11255,password1255
11256,password1256
11257,password1257
11258,password1258
11259,password1259
11260,password1260
11261,password1261
11262,password1262
11263,password1263
11264,password1264
11265,password1265
11266,password1266
11267,password1267
11268,password1268
11269,password1269
11270,password1270
11271,password1271
11272,password1272
11273,password1273
11274,password1274
11275,password1275
11276,password1276
11277,password1277
11278,password1278
11279,password1279
11280,password1280
11281,password1281
11282,password1282
11283,password1283
11284,password1284
11285,password1285
11286,password1286
11287,password1287
11288,password1288
11289,password1289
11290,password1290
11291,password1291
11292,password1292
11293,password1293
11294,password1294
11295,password1295
11296,password1296
11297,password1297
11298,password1298
11299,password1299
11300,password1300
11301,password1301
11302,password1302
11303,password1303
11304,password1304
11305,password1305
11306,password1306
11307,password1307
11308,password1308
11309,password1309
11310,password1310
11311,password1311
11312,password1312
11313,password1313
11314,password1314
11315,password1315
11316,password1316
11317,password1317
11318,password1318
11319,password1319
11320,password1320
11321,password1321
11322,password1322
11323,password1323
11324,password1324
11325,password1325
11326,password1326
11327,password1327
11328,password1328
11329,password1329
11330,password1330
11331,password1331
11332,password1332
11333,password1333
11334,password1334
11335,password1335
11336,password1336
11337,password1337
11338,password1338
11339,password1339
11340,password1340
11341,password1341
11342,password1342
11343,password1343
11344,password1344
11345,password1345
11346,password1346
11347,password1347
11348,password1348
11349,password1349
11350,password1350
11351,password1351
11352,password1352
11353,password1353
11354,password1354
11355,password1355
11356,password1356
11357,password1357
11358,password1358
11359,password1359
11360,password1360
11361,password1361
11362,password1362
11363,password1363
11364,password1364
11365,password1365
11366,password1366
11367,password1367
11368,password1368
11369,password1369
11370,password1370
11371,password1371
11372,password1372
11373,password1373
11374,password1374
11375,password1375
11376,password1376
11377,password1377
11378,password1378
11379,password1379
11380,password1380
11381,password1381
11382,password1382
11383,password1383
11384,password1384
11385,password1385
11386,password1386
11387,password1387
11388,password1388
11389,password1389
11390,password1390
11391,password1391
11392,password1392
11393,password1393
11394,password1394
11395,password1395
11396,password1396
11397,password1397
11398,password1398
11399,password1399
11400,password1400
11401,password1401
11402,password1402
11403,password1403
11404,password1404
11405,password1405
11406,password1406
11407,password1407
11408,password1408
11409,password1409
11410,password1410
11411,password1411
11412,password1412
11413,password1413
11414,password1414
11415,password1415
11416,password1416
11417,password1417
11418,password1418
11419,password1419
11420,password1420
11421,password1421
11422,password1422
11423,password1423
11424,password1424
11425,password1425
11426,password1426
11427,password1427
11428,password1428
11429,password1429
11430,password1430
11431,password1431
11432,password1432
11433,password1433
11434,password1434
11435,password1435
11436,password1436
11437,password1437
11438,password1438
11439,password1439
11440,password1440
11441,password1441
11442,password1442
11443,password1443
11444,password1444
11445,password1445
11446,password1446
11447,password1447
11448,password1448
11449,password1449
11450,password1450
11451,password1451
11452,password1452
11453,password1453
11454,password1454
11455,password1455
11456,password1456
11457,password1457
11458,password1458
11459,password1459
11460,password1460
11461,password1461
11462,password1462
11463,password1463
11464,password1464
11465,password1465
11466,password1466
11467,password1467
11468,password1468
11469,password1469
11470,password1470
11471,password1471
11472,password1472
11473,password1473
11474,password1474
11475,password1475
11476,password1476
11477,password1477
11478,password1478
11479,password1479
11480,password1480
11481,password1481
11482,password1482
11483,password1483
11484,password1484
11485,password1485
11486,password1486
11487,password1487
11488,password1488
11489,password1489
11490,password1490
11491,password1491
11492,password1492
11493,password1493
11494,password1494
11495,password1495
11496,password1496
11497,password1497
11498,password1498
11499,password1499
11500,password1500
11501,password1501
11502,password1502
11503,password1503
11504,password1504
11505,password1505
11506,password1506
11507,password1507
11508,password1508
11509,password1509
11510,password1510
11511,password1511
11512,password1512
11513,password1513
11514,password1514
11515,password1515
11516,password1516
11517,password1517
11518,password1518
11519,password1519
11520,password1520
11521,password1521
11522,password1522
11523,password1523
11524,password1524
11525,password1525
11526,password1526
11527,password1527
11528,password1528
11529,password1529
11530,password1530
11531,password1531
11532,password1532
11533,password1533
11534,password1534
11535,password1535
11536,password1536
11537,password1537
11538,password1538
11539,password1539
11540,password1540
11541,password1541
11542,password1542
11543,password1543
11544,password1544
11545,password1545
11546,password1546
11547,password1547
11548,password1548
11549,password1549
11550,password1550
11551,password1551
11552,password1552
11553,password1553
11554,password1554
11555,password1555
11556,password1556
11557,password1557
11558,password1558
11559,password1559
11560,password1560
11561,password1561
11562,password1562
11563,password1563
11564,password1564
11565,password1565
11566,password1566
11567,password1567
11568,password1568
11569,password1569
11570,password1570
11571,password1571
11572,password1572
11573,password1573
11574,password1574
11575,password1575
11576,password1576
11577,password1577
11578,password1578
11579,password1579
11580,password1580
11581,password1581
11582,password1582
11583,password1583
11584,password1584
11585,password1585
11586,password1586
11587,password1587
11588,password1588
11589,password1589
11590,password1590
11591,password1591
11592,password1592
11593,password1593
11594,password1594
11595,password1595
11596,password1596
11597,password1597
11598,password1598
11599,password1599
11600,password1600
11601,password1601
11602,password1602
11603,password1603
11604,password1604
11605,password1605
11606,password1606
11607,password1607
11608,password1608
11609,password1609
11610,password1610
11611,password1611
11612,password1612
11613,password1613
11614,password1614
11615,password1615
11616,password1616
11617,password1617
11618,password1618
11619,password1619
11620,password1620
11621,password1621
11622,password1622
11623,password1623
11624,password1624
11625,password1625
11626,password1626
11627,password1627
11628,password1628
11629,password1629
11630,password1630
11631,password1631
11632,password1632
11633,password1633
11634,password1634
11635,password1635
11636,password1636
11637,password1637
11638,password1638
11639,password1639
11640,password1640
11641,password1641
11642,password1642
11643,password1643
11644,password1644
11645,password1645
11646,password1646
11647,password1647
11648,password1648
11649,password1649
11650,password1650
11651,password1651
11652,password1652
11653,password1653
11654,password1654
11655,password1655
11656,password1656
11657,password1657
11658,password1658
11659,password1659
11660,password1660
11661,password1661
11662,password1662
11663,password1663
11664,password1664
11665,password1665
11666,password1666
11667,password1667
11668,password1668
11669,password1669
11670,password1670
11671,password1671
11672,password1672
11673,password1673
11674,password1674
11675,password1675
11676,password1676
11677,password1677
11678,password1678
11679,password1679
11680,password1680
11681,password1681
11682,password1682
11683,password1683
11684,password1684
11685,password1685
11686,password1686
11687,password1687
11688,password1688
11689,password1689
11690,password1690
11691,password1691
11692,password1692
11693,password1693
11694,password1694
11695,password1695
11696,password1696
11697,password1697
11698,password1698
11699,password1699
11700,password1700
11701,password1701
11702,password1702
11703,password1703
11704,password1704
11705,password1705
11706,password1706
11707,password1707
11708,password1708
11709,password1709
11710,password1710
11711,password1711
11712,password1712
11713,password1713
11714,password1714
11715,password1715
11716,password1716
11717,password1717
11718,password1718
11719,password1719
11720,password1720
11721,password1721
11722,password1722
11723,password1723
11724,password1724
11725,password1725
11726,password1726
11727,password1727
11728,password1728
11729,password1729
11730,password1730
11731,password1731
11732,password1732
11733,password1733
11734,password1734
11735,password1735
11736,password1736
11737,password1737
11738,password1738
11739,password1739
11740,password1740
11741,password1741
11742,password1742
11743,password1743
11744,password1744
11745,password1745
11746,password1746
11747,password1747
11748,password1748
11749,password1749
11750,password1750
11751,password1751
11752,password1752
11753,password1753
11754,password1754
11755,password1755
11756,password1756
11757,password1757
11758,password1758
11759,password1759
11760,password1760
11761,password1761
11762,password1762
11763,password1763
11764,password1764
11765,password1765
11766,password1766
11767,password1767
11768,password1768
11769,password1769
11770,password1770
11771,password1771
11772,password1772
11773,password1773
11774,password1774
11775,password1775
11776,password1776
11777,password1777
11778,password1778
11779,password1779
11780,password1780
11781,password1781
11782,password1782
11783,password1783
11784,password1784
11785,password1785
11786,password1786
11787,password1787
11788,password1788
11789,password1789
11790,password1790
11791,password1791
11792,password1792
11793,password1793
11794,password1794
11795,password1795
11796,password1796
11797,password1797
11798,password1798
11799,password1799
11800,password1800
11801,password1801
11802,password1802
11803,password1803
11804,password1804
11805,password1805
11806,password1806
11807,password1807
11808,password1808
11809,password1809
11810,password1810
11811,password1811
11812,password1812
11813,password1813
11814,password1814
11815,password1815
11816,password1816
11817,password1817
11818,password1818
11819,password1819
11820,password1820
11821,password1821
11822,password1822
11823,password1823
11824,password1824
11825,password1825
11826,password1826
11827,password1827
11828,password1828
11829,password1829
11830,password1830
11831,password1831
11832,password1832
11833,password1833
11834,password1834
11835,password1835
11836,password1836
11837,password1837
11838,password1838
11839,password1839
11840,password1840
11841,password1841
11842,password1842
11843,password1843
11844,password1844
11845,password1845
11846,password1846
11847,password1847
11848,password1848
11849,password1849
11850,password1850
11851,password1851
11852,password1852
11853,password1853
11854,password1854
11855,password1855
11856,password1856
11857,password1857
11858,password1858
11859,password1859
11860,password1860
11861,password1861
11862,password1862
11863,password1863
11864,password1864
11865,password1865
11866,password1866
11867,password1867
11868,password1868
11869,password1869
11870,password1870
11871,password1871
11872,password1872
11873,password1873
11874,password1874
11875,password1875
11876,password1876
11877,password1877
11878,password1878
11879,password1879
11880,password1880
11881,password1881
11882,password1882
11883,password1883
11884,password1884
11885,password1885
11886,password1886
11887,password1887
11888,password1888
11889,password1889
11890,password1890
11891,password1891
11892,password1892
11893,password1893
11894,password1894
11895,password1895
11896,password1896
11897,password1897
11898,password1898
11899,password1899
11900,password1900
11901,password1901
11902,password1902
11903,password1903
11904,password1904
11905,password1905
11906,password1906
11907,password1907
11908,password1908
11909,password1909
11910,password1910
11911,password1911
11912,password1912
11913,password1913
11914,password1914
11915,password1915
11916,password1916
11917,password1917
11918,password1918
11919,password1919
11920,password1920
11921,password1921
11922,password1922
11923,password1923
11924,password1924
11925,password1925
11926,password1926
11927,password1927
11928,password1928
11929,password1929
11930,password1930
11931,password1931
11932,password1932
11933,password1933
11934,password1934
11935,password1935
11936,password1936
11937,password1937
11938,password1938
11939,password1939
11940,password1940
11941,password1941
11942,password1942
11943,password1943
11944,password1944
11945,password1945
11946,password1946
11947,password1947
11948,password1948
11949,password1949
11950,password1950
11951,password1951
11952,password1952
11953,password1953
11954,password1954
11955,password1955
11956,password1956
11957,password1957
11958,password1958
11959,password1959
11960,password1960
11961,password1961
11962,password1962
11963,password1963
11964,password1964
11965,password1965
11966,password1966
11967,password1967
11968,password1968
11969,password1969
11970,password1970
11971,password1971
11972,password1972
11973,password1973
11974,password1974
11975,password1975
11976,password1976
11977,password1977
11978,password1978
11979,password1979
11980,password1980
11981,password1981
11982,password1982
11983,password1983
11984,password1984
11985,password1985
11986,password1986
11987,password1987
11988,password1988
11989,password1989
11990,password1990
11991,password1991
11992,password1992
11993,password1993
11994,password1994
11995,password1995
11996,password1996
11997,password1997
11998,password1998
11999,password1999
12000,password2000
12001,password2001
12002,password2002
12003,password2003
12004,password2004
12005,password2005
12006,password2006
12007,password2007
12008,password2008
12009,password2009
12010,password2010
12011,password2011
12012,password2012
12013,password2013
12014,password2014
12015,password2015
12016,password2016
12017,password2017
12018,password2018
12019,password2019
12020,password2020
12021,password2021
12022,password2022
12023,password2023
12024,password2024
12025,password2025
12026,password2026
12027,password2027
12028,password2028
12029,password2029
12030,password2030
12031,password2031
12032,password2032
12033,password2033
12034,password2034
12035,password2035
12036,password2036
12037,password2037
12038,password2038
12039,password2039
12040,password2040
12041,password2041
12042,password2042
12043,password2043
12044,password2044
12045,password2045
12046,password2046
12047,password2047
12048,password2048
12049,password2049
12050,password2050
12051,password2051
12052,password2052
12053,password2053
12054,password2054
12055,password2055
12056,password2056
12057,password2057
12058,password2058
12059,password2059
12060,password2060
12061,password2061
12062,password2062
12063,password2063
12064,password2064
12065,password2065
12066,password2066
12067,password2067
12068,password2068
12069,password2069
12070,password2070
12071,password2071
12072,password2072
12073,password2073
12074,password2074
12075,password2075
12076,password2076
12077,password2077
12078,password2078
12079,password2079
12080,password2080
12081,password2081
12082,password2082
12083,password2083
12084,password2084
12085,password2085
12086,password2086
12087,password2087
12088,password2088
12089,password2089
12090,password2090
12091,password2091
12092,password2092
12093,password2093
12094,password2094
12095,password2095
12096,password2096
12097,password2097
12098,password2098
12099,password2099
12100,password2100
12101,password2101
12102,password2102
12103,password2103
12104,password2104
12105,password2105
12106,password2106
12107,password2107
12108,password2108
12109,password2109
12110,password2110
12111,password2111
12112,password2112
12113,password2113
12114,password2114
12115,password2115
12116,password2116
12117,password2117
12118,password2118
12119,password2119
12120,password2120
12121,password2121
12122,password2122
12123,password2123
12124,password2124
12125,password2125
12126,password2126
12127,password2127
12128,password2128
12129,password2129
12130,password2130
12131,password2131
12132,password2132
12133,password2133
12134,password2134
12135,password2135
12136,password2136
12137,password2137
12138,password2138
12139,password2139
12140,password2140
12141,password2141
12142,password2142
12143,password2143
12144,password2144
12145,password2145
12146,password2146
12147,password2147
12148,password2148
12149,password2149
12150,password2150
12151,password2151
12152,password2152
12153,password2153
12154,password2154
12155,password2155
12156,password2156
12157,password2157
12158,password2158
12159,password2159
12160,password2160
12161,password2161
12162,password2162
12163,password2163
12164,password2164
12165,password2165
12166,password2166
12167,password2167
12168,password2168
12169,password2169
12170,password2170
12171,password2171
12172,password2172
12173,password2173
12174,password2174
12175,password2175
